Di,Ime,Za,Debelina,Dolzina,Glava,Cena,Navoj(cekor),Slika
1,Хол Штраф,Дрво,4,16,Крстач(Фрез),0,,hol_straf.jpg
2,Хол Штраф,Дрво,4,18,Крстач(Фрез),0,,hol_straf.jpg
3,Хол Штраф,Дрво,4,20,Крстач(Фрез),0,,hol_straf.jpg
4,Хол Штраф,Дрво,4,25,Крстач(Фрез),0,,hol_straf.jpg
5,Хол Штраф,Дрво,4,30,Крстач(Фрез),0,,hol_straf.jpg
6,Хол Штраф,Дрво,4,35,Крстач(Фрез),0,,hol_straf.jpg
7,Хол Штраф,Дрво,4,40,Крстач(Фрез),0,,hol_straf.jpg
8,Хол Штраф,Дрво,4,45,Крстач(Фрез),0,,hol_straf.jpg
9,Хол Штраф,Дрво,4,50,Крстач(Фрез),0,,hol_straf.jpg
10,Хол Штраф,Дрво,4,55,Крстач(Фрез),0,,hol_straf.jpg
11,Хол Штраф,Дрво,4,60,Крстач(Фрез),0,,hol_straf.jpg
12,Хол Штраф,Дрво,4,65,Крстач(Фрез),0,,hol_straf.jpg
13,Хол Штраф,Дрво,4,70,Крстач(Фрез),0,,hol_straf.jpg
14,Хол Штраф,Дрво,5,30,Крстач(Фрез),0,,hol_straf.jpg
15,Хол Штраф,Дрво,5,35,Крстач(Фрез),0,,hol_straf.jpg
16,Хол Штраф,Дрво,5,40,Крстач(Фрез),0,,hol_straf.jpg
17,Хол Штраф,Дрво,5,45,Крстач(Фрез),0,,hol_straf.jpg
18,Хол Штраф,Дрво,5,50,Крстач(Фрез),0,,hol_straf.jpg
19,Хол Штраф,Дрво,5,55,Крстач(Фрез),0,,hol_straf.jpg
20,Хол Штраф,Дрво,5,60,Крстач(Фрез),0,,hol_straf.jpg
21,Хол Штраф,Дрво,5,65,Крстач(Фрез),0,,hol_straf.jpg
22,Хол Штраф,Дрво,5,70,Крстач(Фрез),0,,hol_straf.jpg
23,Хол Штраф,Дрво,5,75,Крстач(Фрез),0,,hol_straf.jpg
24,Хол Штраф,Дрво,5,80,Крстач(Фрез),0,,hol_straf.jpg
25,Хол Штраф,Дрво,5,85,Крстач(Фрез),0,,hol_straf.jpg
26,Хол Штраф,Дрво,5,90,Крстач(Фрез),0,,hol_straf.jpg
27,Хол Штраф,Дрво,5,100,Крстач(Фрез),0,,hol_straf.jpg
28,Хол Штраф,Дрво,5,120,Крстач(Фрез),0,,hol_straf.jpg
29,Хол Штраф,Дрво,6,40,Крстач(Фрез),0,,hol_straf.jpg
30,Хол Штраф,Дрво,6,50,Крстач(Фрез),0,,hol_straf.jpg
31,Хол Штраф,Дрво,6,60,Крстач(Фрез),0,,hol_straf.jpg
32,Хол Штраф,Дрво,6,70,Крстач(Фрез),0,,hol_straf.jpg
33,Хол Штраф,Дрво,6,80,Крстач(Фрез),0,,hol_straf.jpg
34,Хол Штраф,Дрво,6,90,Крстач(Фрез),0,,hol_straf.jpg
35,Хол Штраф,Дрво,6,100,Крстач(Фрез),0,,hol_straf.jpg
36,Хол Штраф,Дрво,6,110,Крстач(Фрез),0,,hol_straf.jpg
37,Хол Штраф,Дрво,6,120,Крстач(Фрез),0,,hol_straf.jpg
38,Хол Штраф,Дрво,6,130,Крстач(Фрез),0,,hol_straf.jpg
39,Хол Штраф,Дрво,6,140,Крстач(Фрез),0,,hol_straf.jpg
40,Хол Штраф,Дрво,6,150,Крстач(Фрез),0,,hol_straf.jpg
41,Саморезен Штраф (со бургија),Метал,3.9,13,Крстач(Фрез),0,,samorezen.jpg
42,Саморезен Штраф (со бургија),Метал,3.9,16,Крстач(Фрез),0,,samorezen.jpg
43,Саморезен Штраф (со бургија),Метал,3.9,19,Крстач(Фрез),0,,samorezen.jpg
44,Саморезен Штраф (со бургија),Метал,3.9,25,Крстач(Фрез),0,,samorezen.jpg
45,Саморезен Штраф (со бургија),Метал,3.9,32,Крстач(Фрез),0,,samorezen.jpg
46,Саморезен Штраф (со бургија),Метал,3.9,35,Крстач(Фрез),0,,samorezen.jpg
47,Саморезен Штраф (со бургија),Метал,3.9,40,Крстач(Фрез),0,,samorezen.jpg
48,Саморезен Штраф (со бургија),Метал,4.2,25,Крстач(Фрез),0,,samorezen.jpg
49,Саморезен Штраф (со бургија),Метал,4.2,32,Крстач(Фрез),0,,samorezen.jpg
50,Саморезен Штраф (со бургија),Метал,4.2,35,Крстач(Фрез),0,,samorezen.jpg
51,Саморезен Штраф (со бургија),Метал,4.2,40,Крстач(Фрез),0,,samorezen.jpg
52,Саморезен Штраф (со бургија),Метал,4.2,50,Крстач(Фрез),0,,samorezen.jpg
53,Саморезен Штраф (со бургија),Метал,4.2,60,Крстач(Фрез),0,1.5,samorezen.jpg
54,Машински штраф со цел навој ,Дрво или Метал,6,10,Клуч (10мм),0,1.5,masinski.jpg
55,Машински штраф со цел навој ,Дрво или Метал,6,20,Клуч (10мм),0,1.5,masinski.jpg
56,Машински штраф со цел навој ,Дрво или Метал,6,25,Клуч (10мм),0,1.5,masinski.jpg
57,Машински штраф со цел навој ,Дрво или Метал,6,30,Клуч (10мм),0,1.5,masinski.jpg
58,Машински штраф со цел навој ,Дрво или Метал,6,35,Клуч (10мм),0,1.5,masinski.jpg
59,Машински штраф со цел навој ,Дрво или Метал,6,40,Клуч (10мм),0,1.5,masinski.jpg
60,Машински штраф со цел навој ,Дрво или Метал,6,45,Клуч (10мм),0,1.5,masinski.jpg
61,Машински штраф со цел навој ,Дрво или Метал,6,50,Клуч (10мм),0,1.5,masinski.jpg
62,Машински штраф со цел навој ,Дрво или Метал,6,55,Клуч (10мм),0,1.5,masinski.jpg
63,Машински штраф со цел навој ,Дрво или Метал,6,60,Клуч (10мм),0,1.5,masinski.jpg
64,Машински штраф со цел навој ,Дрво или Метал,6,65,Клуч (10мм),0,1.5,masinski.jpg
65,Машински штраф со цел навој ,Дрво или Метал,6,70,Клуч (10мм),0,1.5,masinski.jpg
66,Машински штраф со цел навој ,Дрво или Метал,6,75,Клуч (10мм),0,1.5,masinski.jpg
67,Машински штраф со цел навој ,Дрво или Метал,6,80,Клуч (10мм),0,1.5,masinski.jpg
68,Машински штраф со цел навој ,Дрво или Метал,6,85,Клуч (10мм),0,1.5,masinski.jpg
69,Машински штраф со цел навој ,Дрво или Метал,6,90,Клуч (10мм),0,1.5,masinski.jpg
70,Машински штраф со цел навој ,Дрво или Метал,6,100,Клуч (10мм),0,1.5,masinski.jpg
71,Машински штраф со цел навој ,Дрво или Метал,6,120,Клуч (13 мм),0,1.5,masinski.jpg
72,Машински штраф со цел навој ,Дрво или Метал,8,20,Клуч (13 мм),0,1.5,masinski.jpg
73,Машински штраф со цел навој ,Дрво или Метал,8,30,Клуч (13 мм),0,1.5,masinski.jpg
74,Машински штраф со цел навој ,Дрво или Метал,8,40,Клуч (13 мм),0,1.5,masinski.jpg
75,Машински штраф со цел навој ,Дрво или Метал,8,50,Клуч (13 мм),0,1.5,masinski.jpg
76,Машински штраф со цел навој ,Дрво или Метал,8,60,Клуч (13 мм),0,1.5,masinski.jpg
77,Машински штраф со цел навој ,Дрво или Метал,8,70,Клуч (13 мм),0,1.5,masinski.jpg
78,Машински штраф со цел навој ,Дрво или Метал,8,80,Клуч (13 мм),0,1.5,masinski.jpg
79,Машински штраф со цел навој ,Дрво или Метал,8,90,Клуч (13 мм),0,1.5,masinski.jpg
80,Машински штраф со цел навој ,Дрво или Метал,8,100,Клуч (13 мм),0,1.5,masinski.jpg
81,Машински штраф со цел навој ,Дрво или Метал,8,120,Клуч (13 мм),0,1.5,masinski.jpg
82,Машински штраф со цел навој ,Дрво или Метал,8,130,Клуч (13 мм),0,1.5,masinski.jpg
83,Машински штраф со цел навој ,Дрво или Метал,8,140,Клуч (13 мм),0,1.5,masinski.jpg
84,Машински штраф со цел навој ,Дрво или Метал,8,150,Клуч (13 мм),0,1.5,masinski.jpg
85,Машински штраф со цел навој ,Дрво или Метал,8,160,Клуч (13 мм),0,1.5,masinski.jpg
86,Машински штраф со цел навој ,Дрво или Метал,8,170,Клуч (13 мм),0,1.5,masinski.jpg
87,Машински штраф со цел навој ,Дрво или Метал,8,180,Клуч (13 мм),0,1.5,masinski.jpg
88,Машински штраф со цел навој ,Дрво или Метал,10,30,Клуч (17мм),0,1.5,masinski.jpg
89,Машински штраф со цел навој ,Дрво или Метал,10,40,Клуч (17мм),0,1.5,masinski.jpg
90,Машински штраф со цел навој ,Дрво или Метал,10,50,Клуч (17мм),0,1.5,masinski.jpg
91,Машински штраф со цел навој ,Дрво или Метал,10,60,Клуч (17мм),0,1.5,masinski.jpg
92,Машински штраф со цел навој ,Дрво или Метал,10,70,Клуч (17мм),0,1.5,masinski.jpg
93,Машински штраф со цел навој ,Дрво или Метал,10,80,Клуч (17мм),0,1.5,masinski.jpg
94,Машински штраф со цел навој ,Дрво или Метал,10,90,Клуч (17мм),0,1.5,masinski.jpg
95,Машински штраф со цел навој ,Дрво или Метал,10,100,Клуч (17мм),0,1.5,masinski.jpg
96,Машински штраф со цел навој ,Дрво или Метал,10,110,Клуч (17мм),0,1.5,masinski.jpg
97,Машински штраф со цел навој ,Дрво или Метал,10,120,Клуч (17мм),0,1.5,masinski.jpg
98,Машински штраф со цел навој ,Дрво или Метал,10,130,Клуч (17мм),0,1.5,masinski.jpg
99,Машински штраф со цел навој ,Дрво или Метал,10,140,Клуч (17мм),0,1.5,masinski.jpg
100,Машински штраф со цел навој ,Дрво или Метал,10,150,Клуч (17мм),0,1.5,masinski.jpg
101,Машински штраф со цел навој ,Дрво или Метал,10,160,Клуч (17мм),0,1.5,masinski.jpg
102,Машински штраф со цел навој ,Дрво или Метал,10,170,Клуч (17мм),0,1.5,masinski.jpg
103,Машински штраф со цел навој ,Дрво или Метал,10,180,Клуч (17мм),0,1.5,masinski.jpg
104,Машински штраф со цел навој ,Дрво или Метал,10,190,Клуч (17мм),0,1.5,masinski.jpg
105,Машински штраф со цел навој ,Дрво или Метал,10,200,Клуч (17мм),0,1.5,masinski.jpg
106,Машински штраф со цел наво(Фрез),Дрво или Метал,6,15,Крстач(Фрез),0,1.5,masinski_frez.jpg
107,Машински штраф со цел наво(Фрез),Дрво или Метал,6,20,Крстач(Фрез),0,1.5,masinski_frez.jpg
108,Машински штраф со цел наво(Фрез),Дрво или Метал,6,25,Крстач(Фрез),0,1.5,masinski_frez.jpg
109,Машински штраф со цел наво(Фрез),Дрво или Метал,6,30,Крстач(Фрез),0,1.5,masinski_frez.jpg
110,Машински штраф со цел наво(Фрез),Дрво или Метал,6,40,Крстач(Фрез),0,1.5,masinski_frez.jpg
111,Машински штраф со цел наво(Фрез),Дрво или Метал,6,50,Крстач(Фрез),0,1.5,masinski_frez.jpg
112,Машински штраф со цел наво(Фрез),Дрво или Метал,6,60,Крстач(Фрез),0,1.5,masinski_frez.jpg
113,Машински штраф со цел наво(Фрез),Дрво или Метал,6,70,Крстач(Фрез),0,1.5,masinski_frez.jpg
114,Машински штраф со цел наво(Фрез),Дрво или Метал,6,80,Крстач(Фрез),0,1.5,masinski_frez.jpg
115,Машински штраф со цел наво(Фрез),Дрво или Метал,6,90,Крстач(Фрез),0,1.5,masinski_frez.jpg
116,Машински штраф со цел наво(Фрез),Дрво или Метал,6,100,Крстач(Фрез),0,1.5,masinski_frez.jpg
117,Машински штраф со цел наво(Фрез),Дрво или Метал,6,110,Крстач(Фрез),0,1.5,masinski_frez.jpg
118,Машински штраф со цел наво(Фрез),Дрво или Метал,6,120,Крстач(Фрез),0,1.5,masinski_frez.jpg
119,Машински штраф со цел наво(Фрез),Дрво или Метал,6,130,Крстач(Фрез),0,1.5,masinski_frez.jpg
120,Машински штраф со цел наво(Фрез),Дрво или Метал,6,140,Крстач(Фрез),0,1.5,masinski_frez.jpg
121,Машински штраф со цел наво(Фрез),Дрво или Метал,6,150,Крстач(Фрез),0,1.5,masinski_frez.jpg
122,Машински штраф со цел наво(Фрез),Дрво или Метал,6,160,Крстач(Фрез),0,1.5,masinski_frez.jpg
123,Машински штраф со цел наво(Фрез),Дрво или Метал,8,20,Крстач(Фрез),0,1.5,masinski_frez.jpg
124,Машински штраф со цел наво(Фрез),Дрво или Метал,8,30,Крстач(Фрез),0,1.5,masinski_frez.jpg
125,Машински штраф со цел наво(Фрез),Дрво или Метал,8,40,Крстач(Фрез),0,1.5,masinski_frez.jpg
126,Машински штраф со цел наво(Фрез),Дрво или Метал,8,50,Крстач(Фрез),0,1.5,masinski_frez.jpg
127,Машински штраф со цел наво(Фрез),Дрво или Метал,8,60,Крстач(Фрез),0,1.5,masinski_frez.jpg
128,Машински штраф со цел наво(Фрез),Дрво или Метал,8,70,Крстач(Фрез),0,1.5,masinski_frez.jpg
129,Машински штраф со цел наво(Фрез),Дрво или Метал,8,80,Крстач(Фрез),0,1.5,masinski_frez.jpg
130,Машински штраф со цел наво(Фрез),Дрво или Метал,8,90,Крстач(Фрез),0,1.5,masinski_frez.jpg
131,Машински штраф со цел наво(Фрез),Дрво или Метал,8,100,Крстач(Фрез),0,1.5,masinski_frez.jpg
132,Машински штраф со цел наво(Фрез),Дрво или Метал,8,110,Крстач(Фрез),0,1.5,masinski_frez.jpg
133,Машински штраф со цел наво(Фрез),Дрво или Метал,8,120,Крстач(Фрез),0,1.5,masinski_frez.jpg
134,Машински штраф со цел наво(Фрез),Дрво или Метал,8,130,Крстач(Фрез),0,1.5,masinski_frez.jpg
135,Машински штраф со цел наво(Фрез),Дрво или Метал,8,140,Крстач(Фрез),0,1.5,masinski_frez.jpg
136,Машински штраф со цел наво(Фрез),Дрво или Метал,8,150,Крстач(Фрез),0,1.5,masinski_frez.jpg
137,Машински штраф со цел наво(Фрез),Дрво или Метал,8,160,Крстач(Фрез),0,1.5,masinski_frez.jpg
138,Машински штраф со цел наво(Фрез),Дрво или Метал,8,170,Крстач(Фрез),0,1.5,masinski_frez.jpg
139,Машински штраф со цел наво(Фрез),Дрво или Метал,8,180,Крстач(Фрез),0,1.5,masinski_frez.jpg
140,Торбан штраф,Дрво или Метал,6,20,Торбан глава,0,1.5,torban.jpeg
141,Торбан штраф,Дрво или Метал,6,30,Торбан глава,0,1.5,torban.jpeg
142,Торбан штраф,Дрво или Метал,6,40,Торбан глава,0,1.5,torban.jpeg
143,Торбан штраф,Дрво или Метал,6,50,Торбан глава,0,1.5,torban.jpeg
144,Торбан штраф,Дрво или Метал,6,60,Торбан глава,0,1.5,torban.jpeg
145,Торбан штраф,Дрво или Метал,6,70,Торбан глава,0,1.5,torban.jpeg
146,Торбан штраф,Дрво или Метал,6,80,Торбан глава,0,1.5,torban.jpeg
147,Торбан штраф,Дрво или Метал,6,90,Торбан глава,0,1.5,torban.jpeg
148,Торбан штраф,Дрво или Метал,6,100,Торбан глава,0,1.5,torban.jpeg
149,Торбан штраф,Дрво или Метал,6,110,Торбан глава,0,1.5,torban.jpeg
150,Торбан штраф,Дрво или Метал,6,120,Торбан глава,0,1.5,torban.jpeg
151,Торбан штраф,Дрво или Метал,6,130,Торбан глава,0,1.5,torban.jpeg
152,Торбан штраф,Дрво или Метал,6,140,Торбан глава,0,1.5,torban.jpeg
153,Торбан штраф,Дрво или Метал,6,150,Торбан глава,0,1.5,torban.jpeg
154,Торбан штраф,Дрво или Метал,6,160,Торбан глава,0,1.5,torban.jpeg
155,Торбан штраф,Дрво или Метал,6,170,Торбан глава,0,1.5,torban.jpeg
156,Торбан штраф,Дрво или Метал,6,180,Торбан глава,0,1.5,torban.jpeg
157,Торбан штраф,Дрво или Метал,8,30,Торбан глава,0,1.5,torban.jpeg
158,Торбан штраф,Дрво или Метал,8,40,Торбан глава,0,1.5,torban.jpeg
159,Торбан штраф,Дрво или Метал,8,50,Торбан глава,0,1.5,torban.jpeg
160,Торбан штраф,Дрво или Метал,8,60,Торбан глава,0,1.5,torban.jpeg
161,Торбан штраф,Дрво или Метал,8,70,Торбан глава,0,1.5,torban.jpeg
162,Торбан штраф,Дрво или Метал,8,80,Торбан глава,0,1.5,torban.jpeg
163,Торбан штраф,Дрво или Метал,8,100,Торбан глава,0,1.5,torban.jpeg
164,Торбан штраф,Дрво или Метал,8,120,Торбан глава,0,1.5,torban.jpeg
165,Торбан штраф,Дрво или Метал,8,140,Торбан глава,0,1.5,torban.jpeg
166,Торбан штраф,Дрво или Метал,8,160,Торбан глава,0,1.5,torban.jpeg
167,Торбан штраф,Дрво или Метал,8,180,Торбан глава,0,1.5,torban.jpeg
168,Саморезен Штраф (со бургија) со клуч глава,Метал,5.5,25,Клуч (8мм),0,,samorezni_salonit.jpeg
169,Саморезен Штраф (со бургија) со клуч глава,Метал,5.5,32,Клуч (8мм),0,,samorezni_salonit.jpeg
170,Саморезен Штраф (со бургија) со клуч глава,Метал,5.5,35,Клуч (8мм),0,,samorezni_salonit.jpeg
171,Саморезен Штраф (со бургија) со клуч глава,Метал,5.5,40,Клуч (8мм),0,,samorezni_salonit.jpeg
172,Саморезен Штраф (со бургија) со клуч глава,Метал,5.5,50,Клуч (8мм),0,,samorezni_salonit.jpeg
173,Саморезен Штраф (со бургија) со клуч глава,Метал,5.5,60,Клуч (8мм),0,,samorezni_salonit.jpeg
174,Саморезен Штраф (со бургија) со клуч глава,Метал,5.5,80,Клуч (8мм),0,,samorezni_salonit.jpeg
175,Саморезен Штраф (со бургија) со клуч глава,Метал,5.5,100,Клуч (8мм),0,,samorezni_salonit.jpeg
176,Саморезен Штраф (со бургија) со клуч глава,Метал,5.5,120,Клуч (8мм),0,,samorezni_salonit.jpeg
177,Саморезен Штраф (со бургија) со клуч глава,Метал,6.3,32,Клуч (10мм),0,,samorezni_salonit.jpeg
178,Саморезен Штраф (со бургија) со клуч глава,Метал,6.3,35,Клуч (10мм),0,,samorezni_salonit.jpeg
179,Саморезен Штраф (со бургија) со клуч глава,Метал,6.3,40,Клуч (10мм),0,,samorezni_salonit.jpeg
180,Саморезен Штраф (со бургија) со клуч глава,Метал,6.3,50,Клуч (10мм),0,,samorezni_salonit.jpeg
181,Саморезен Штраф (со бургија) со клуч глава,Метал,6.3,60,Клуч (10мм),0,,samorezni_salonit.jpeg
182,Саморезен Штраф (со бургија) со клуч глава,Метал,6.3,70,Клуч (10мм),0,,samorezni_salonit.jpeg
183,Саморезен Штраф (со бургија) со клуч глава,Метал,6.3,80,Клуч (10мм),0,,samorezni_salonit.jpeg
184,Саморезен Штраф (со бургија) со клуч глава,Метал,6.3,100,Клуч (10мм),0,,samorezni_salonit.jpeg
185,Саморезен Штраф (со бургија) со клуч глава,Метал,6.3,120,Клуч (10мм),0,,samorezni_salonit.jpeg
186,Саморезен Штраф (со бургија) со клуч глава,Метал,6.3,140,Клуч (10мм),0,,samorezni_salonit.jpeg
187,Саморезен Штраф (со бургија) со клуч глава,Метал,6.3,160,Клуч (10мм),0,,samorezni_salonit.jpeg
188,Салонит штрафови,Дрво,6,30,Клуч (10мм),0,,salonit.jpeg
189,Салонит штрафови,Дрво,6,40,Клуч (10мм),0,,salonit.jpeg
190,Салонит штрафови,Дрво,6,50,Клуч (10мм),0,,salonit.jpeg
191,Салонит штрафови,Дрво,6,60,Клуч (10мм),0,,salonit.jpeg
192,Салонит штрафови,Дрво,6,70,Клуч (10мм),0,,salonit.jpeg
193,Салонит штрафови,Дрво,6,80,Клуч (10мм),0,,salonit.jpeg
194,Салонит штрафови,Дрво,6,90,Клуч (10мм),0,,salonit.jpeg
195,Салонит штрафови,Дрво,6,100,Клуч (10мм),0,,salonit.jpeg
196,Салонит штрафови,Дрво,6,120,Клуч (10мм),0,,salonit.jpeg
197,Салонит штрафови,Дрво,6,140,Клуч (10мм),0,,salonit.jpeg
198,Салонит штрафови,Дрво,6,160,Клуч (10мм),0,,salonit.jpeg
199,Салонит штрафови,Дрво,6,180,Клуч (10мм),0,,salonit.jpeg
