ID,Ime,Dimenzija,Cena,Slika
1,Обични навртки (мутери),M4,0,obicen_muter.jpg
2,Обични навртки (мутери),M5,0,obicen_muter.jpg
3,Обични навртки (мутери),M6,0,obicen_muter.jpg
4,Обични навртки (мутери),M8,0,obicen_muter.jpg
5,Обични навртки (мутери),M10,0,obicen_muter.jpg
6,Обични навртки (мутери),M12,0,obicen_muter.jpg
7,Обични навртки (мутери),M14,0,obicen_muter.jpg
8,Обични навртки (мутери),M16,0,obicen_muter.jpg
9,Обични навртки (мутери),M18,0,obicen_muter.jpg
10,Обични навртки (мутери),M20,0,obicen_muter.jpg
11,Слепи навртки (мутери),М4,0,slepi_muteri.jpg
12,Слепи навртки (мутери),М5,0,slepi_muteri.jpg
13,Слепи навртки (мутери),М6,0,slepi_muteri.jpg
14,Слепи навртки (мутери),М8,0,slepi_muteri.jpg
15,Слепи навртки (мутери),М10,0,slepi_muteri.jpg
16,Слепи навртки (мутери),М12,0,slepi_muteri.jpg
17,Слепи навртки (мутери),М14,0,slepi_muteri.jpg
18,Слепи навртки (мутери),М16,0,slepi_muteri.jpg
19,Навртки со осигурач(со пластика),М6,0,sigurosni_muteri.jpg
20,Навртки со осигурач(со пластика),М8,0,sigurosni_muteri.jpg
21,Навртки со осигурач(со пластика),М10,0,sigurosni_muteri.jpg
22,Навртки со осигурач(со пластика),М12,0,sigurosni_muteri.jpg
23,Навртки со осигурач(со пластика),М14,0,sigurosni_muteri.jpg
24,Навртки со осигурач(со пластика),М16,0,sigurosni_muteri.jpg
25,Навртки со осигурач(со пластика),М18,0,sigurosni_muteri.jpg
